,bMF,bMM,bMJA,bMJB,surv,delay_f,m_growth,delay_j,mean_hatch,diff_hatch,P2,LHSresults
1,0.009524138,0.007341052,0.010553349,0.008370174,0.0003964,1.437,14.091,19.411,327.4,360.4,0.975,0.2
2,0.017924037,0.02157342,0.007438579,0.024005194,0.0002604,4.211,9.911,8.999,415,399.6,0.877,0.12
3,0.017588821,0.002170816,0.052563465,0.00198487,0.0002932,13.331,19.943,10.709,274.6,150.8,0.395,0.15
4,0.016112166,0.017871711,0.015965249,0.016796025,4.84E-05,19.487,5.161,2.843,686.2,6.8,0.425,0.02
5,0.011793286,0.007210655,0.020679328,0.033147927,0.0003324,14.129,11.127,17.549,434.2,303.6,0.369,0.21
6,0.017671079,0.006087754,0.009800747,0.022553023,1.48E-05,14.927,6.605,12.077,158.2,342,0.943,0.02
7,0.012836834,0.007959895,0.012710211,0.008534054,0.0002364,10.481,4.553,12.799,517,24.4,0.027,0.21
8,0.005159122,0.031021532,0.016291228,0.007484705,0.0002348,5.921,17.321,5.427,679,201.2,0.957,0.27
9,0.009249592,0.004519059,0.003224422,0.005453508,0.0002764,16.333,8.733,16.561,329.8,277.2,0.923,0.22
10,0.012731759,0.008681196,0.017250369,0.005802964,0.000234,9.835,16.371,8.353,215.8,311.6,0.345,0.14
11,0.017230239,0.012910777,0.003905803,0.024400817,0.0001836,4.553,14.471,6.149,545.8,273.2,0.645,0.21
12,0.011190924,0.006686608,0.00447763,0.009455276,0.0003268,14.091,15.155,10.405,532.6,89.2,0.857,0.32
13,0.012365854,0.024992232,0.012107483,0.014810191,0.0002844,14.775,19.525,14.205,586.6,183.6,0.215,0.13
14,0.01092553,0.013383171,0.00812299,0.002847828,0.0003444,13.065,15.687,4.781,507.4,191.6,0.175,0.51
15,0.019367004,0.015293905,0.006136575,0.001825484,0.0002044,10.405,6.529,1.361,279.4,307.6,0.111,0.39
16,0.009962761,0.022505789,0.019509169,0.048332854,0.0003372,12.495,15.383,16.371,572.2,376.4,0.277,0.17
17,0.018098206,0.021909742,0.024741737,0.006971528,0.0001956,9.531,13.711,19.563,494.2,63.6,0.191,0.02
18,0.014417116,0.017531445,0.016625592,0.006346633,6.00E-06,6.681,11.507,10.633,596.2,372.4,0.103,0.02
19,0.02085744,0.008615201,0.017108846,0.024536,0.00031,17.017,5.085,3.869,676.6,279.6,0.033,0.57
20,0.010355943,0.017203878,0.026848557,0.005958186,7.88E-05,10.329,14.395,13.369,182.2,297.2,0.639,0.02
21,0.018847029,0.008090433,0.00652888,0.024267318,0.0003108,2.273,4.401,9.911,382.6,337.2,0.225,0.24
22,0.005484254,0.009585314,0.027899062,0.015991029,0.0003692,19.183,6.111,4.667,208.6,206,0.509,0.45
23,0.0146479,0.009449527,0.003441595,0.005686537,0.0001796,17.207,11.241,1.399,407.8,124.4,0.753,0.42
24,0.015307,0.010171612,0.016968891,0.028644132,5.08E-05,5.883,14.889,8.619,359.8,109.2,0.787,0.02
25,0.006991039,0.031461815,0.023335235,0.031680036,0.0003996,19.829,6.301,14.699,413.8,317.2,0.459,0.15
26,0.005924595,0.002748395,0.008739295,0.030893533,0.0001156,2.957,6.985,2.957,232.6,72.4,0.247,0.41
27,0.012942221,0.018011644,0.00268071,0.006035813,0.0003716,17.169,6.567,8.885,599.8,209.2,0.115,0.35
28,0.014589807,0.009687657,0.021162874,0.010642767,7.56E-05,15.687,14.547,12.913,220.6,192.4,0.553,0.02
29,0.010217015,0.007471335,0.005705479,0.022898366,0.0001692,13.939,18.157,2.463,421,42.8,0.041,0.52
30,0.025274229,0.0087473,0.023825901,0.001715419,0.0003132,3.223,18.461,5.617,663.4,182,0.053,0.38
31,0.011348919,0.021683886,0.029707417,0.035662111,9.80E-05,15.459,8.277,8.961,231.4,265.2,0.779,0.02
32,0.01113807,0.008516401,0.016225378,0.003580833,0.0003652,3.109,14.509,3.679,140.2,264.4,0.731,0.32
33,0.0152454,0.006521543,0.00495703,0.003497136,0.0002372,1.931,1.665,13.673,475,58.8,0.605,0.16
34,0.013692146,0.005006485,0.039931214,0.006074634,0.0003276,17.929,16.789,13.293,595,130.8,0.229,0.31
35,0.028251117,0.016000755,0.007478497,0.000594836,0.0003164,17.587,14.927,5.009,577,146.8,0.421,0.26
36,0.023207347,0.010560268,0.010871886,0.017147148,0.0001732,9.607,12.875,9.037,560.2,245.2,0.055,0.12
37,0.015945378,0.013604397,0.010151413,0.009285041,1.96E-05,12.381,10.101,7.859,230.2,28.4,0.347,0.02
38,0.025088031,0.008417811,0.009455761,0.003370509,0.0002644,15.535,1.437,1.627,133,269.2,0.947,0.21
39,0.013556315,0.016345508,0.005666258,0.005996997,5.16E-05,16.941,16.447,11.887,477.4,94.8,0.315,0.02
40,0.006288434,0.009483405,0.00272752,0.011195541,0.0001876,15.421,13.673,7.289,280.6,70.8,0.239,0.22
41,0.014218439,0.003420626,0.018444494,0.007168196,0.0001532,13.217,19.829,17.587,441.4,306.8,0.797,0.09
42,0.031244689,0.006355587,0.00625417,0.007010798,0.0003636,15.041,15.915,17.701,152.2,94,0.521,0.02
43,0.021631299,0.009517328,0.000716861,0.035260532,0.000166,14.509,13.255,5.047,113.8,74.8,0.309,0.02
44,0.007729704,0.026549645,0.006411077,0.010462198,0.0002732,4.971,2.615,11.545,259,196.4,0.481,0.1
45,0.007425755,0.008946328,0.014676999,0.007683847,0.00013,6.795,3.375,7.365,141.4,318,0.597,0.11
46,0.01855553,0.012868744,0.018602276,0.011621978,0.000266,1.361,9.797,14.775,325,159.6,0.819,0.05
47,0.011819328,0.006054042,0.004598212,0.015733505,6.92E-05,9.113,19.069,7.555,263.8,208.4,0.451,0.04
48,0.006662597,0.009756136,0.0110564,0.008657635,7.32E-05,2.729,13.407,16.523,417.4,176.4,0.841,0.05
49,0.008239447,0.014248219,0.003091788,0.002937061,0.0003548,15.079,5.579,17.929,272.2,69.2,0.671,0.12
50,0.017000782,0.016826042,0.001645551,0.006580318,0.00027,2.767,10.709,7.745,649,150,0.327,0.28
51,0.020929671,0.013295859,0.006450331,0.02663533,0.0003564,13.863,2.805,12.875,527.8,144.4,0.697,0.16
52,0.009905438,0.012174978,0.022981119,0.00564772,0.000378,8.733,15.725,13.635,269.8,186,0.677,0.16
53,0.012626954,0.009113098,0.001334786,0.01729041,2.12E-05,12.685,14.699,15.497,611.8,87.6,0.319,0.02
54,0.016963224,0.006155012,0.004638285,0.014342393,7.48E-05,10.823,11.697,8.657,650.2,225.2,0.875,0.08
55,0.006543849,0.011977778,0.005627027,0.003156196,0.0003428,2.691,5.465,14.319,446.2,234.8,0.101,0.34
56,0.011741179,0.011783384,0.003864243,0.007365727,0.000314,6.377,10.329,9.645,637,326.8,0.961,0.32
57,0.010575307,0.00257044,0.015901014,0.004828889,0.0001308,12.533,15.611,2.197,454.6,74,0.791,0.46
58,0.008276341,0.011899693,0.006883223,0.01087101,0.0002516,8.657,8.581,13.255,403,189.2,0.427,0.2
59,0.013475272,0.006620679,0.010598526,0.005258967,0.0003012,6.871,14.661,15.193,652.6,368.4,0.879,0.25
60,0.018603156,0.010884648,0.005115388,0.014285016,5.96E-05,3.565,9.645,1.551,207.4,199.6,0.043,0.02
61,0.018010542,0.010453462,0.012968322,0.013834259,3.64E-05,10.367,9.607,9.873,590.2,23.6,0.519,0.02
62,0.019703157,0.023716116,0.021362169,0.037460786,0.0003668,12.153,4.933,10.595,539.8,111.6,0.861,0.14
63,0.011897422,0.014683433,0.019595145,0.036978458,0.0003412,1.893,5.351,5.085,298.6,7.6,0.703,0.25
64,0.011506207,0.008648185,0.00348451,0.013077964,3.40E-05,9.455,5.959,1.817,400.6,386,0.477,0.04
65,0.014360055,0.010276818,0.008001236,0.013778909,0.0001916,15.003,1.323,3.261,567.4,58,0.487,0.4
66,0.0218018,0.003954952,0.017758673,0.006932288,0.0001612,18.879,3.565,14.015,100.6,247.6,0.267,0.02
67,0.014162188,0.010524595,0.036323,0.008247904,0.0002356,1.589,5.731,4.363,418.6,64.4,0.881,0.28
68,0.008312952,0.005850505,0.002342929,0.01010616,9.96E-05,4.363,13.559,14.813,566.2,204.4,0.647,0.14
69,0.019532576,0.024486737,0.016899488,0.008906624,0.0002484,15.573,2.881,19.449,355,295.6,0.545,0.02
70,0.017076473,0.007047401,0.005194366,0.005375741,1.88E-05,2.311,5.313,3.147,127,213.2,0.889,0.02
71,0.017712584,0.005505545,0.030156847,0.012308034,0.0001868,3.679,10.595,10.557,561.4,375.6,0.741,0.17
72,0.009280595,0.035028514,0.003355265,0.014170966,0.000158,19.677,19.183,3.299,202.6,357.2,0.927,0.02
73,0.01827719,0.004747515,0.008780873,0.052285312,0.0002572,1.779,5.617,13.939,123.4,153.2,0.935,0.03
74,0.016888668,0.006818129,0.020967001,0.019758875,2.36E-05,6.719,6.681,9.569,639.4,262.8,0.979,0.02
75,0.020378309,0.010488994,0.010019216,0.02011845,0.000118,7.213,17.549,1.133,523,162.8,0.415,0.36
76,0.020249094,0.017333453,0.038753734,0.004750253,0.0001212,2.349,8.087,10.177,187,300.4,0.643,0.02
77,0.016925854,0.022630899,0.00727927,0.014227875,0.0002308,8.125,10.899,3.641,631,92.4,0.329,0.34
78,0.012027505,0.01713979,0.017833013,0.015356464,0.000178,18.689,13.065,17.815,229,284.4,0.255,0.02
79,0.014883115,0.017802585,0.024208957,0.018421673,0.0003252,14.205,3.717,12.001,176.2,390.8,0.423,0.08
80,0.008421174,0.005365133,0.005469966,0.013451208,2.44E-05,19.449,4.363,4.933,466.6,314,0.949,0.06
81,0.016491053,0.0023793,0.008906009,0.023623579,0.0002548,11.773,1.171,16.865,502.6,122.8,0.515,0.18
82,0.013939283,0.018982035,0.013991508,0.001296858,9.64E-05,10.025,11.469,6.909,584.2,240.4,0.365,0.07
83,0.01100546,0.00612141,0.024339708,0.013130711,0.0001988,7.707,12.913,11.811,273.4,354,0.831,0.14
84,0.013746759,0.005187287,0.005940654,0.03114886,5.56E-05,1.551,1.741,13.103,549.4,22,0.801,0.03
85,0.026617552,0.020172617,0.020491464,0.013505312,0.0001124,6.643,14.015,6.833,377.8,117.2,0.987,0.02
86,0.012496265,0.021795976,0.018366365,0.004552875,0.000102,3.717,9.379,3.603,439,321.2,0.311,0.09
87,0.021229371,0.02084162,0.040579992,0.012868816,0.0001908,10.519,6.871,11.621,153.4,85.2,0.925,0.02
88,0.018322731,0.011706376,0.016558022,0.025684061,0.0001036,19.791,14.585,3.565,337,305.2,0.149,0.05
89,0.0085966,0.007275872,0.002191655,0.019937268,8.52E-05,19.145,14.167,9.075,430.6,21.2,0.483,0.1
90,0.017347752,0.010994181,0.009370344,0.02599166,0.0001724,3.983,11.089,16.333,128.2,374.8,0.093,0.02
91,0.010872076,0.008483515,0.016490806,0.019847729,0.0002108,7.555,12.343,19.601,183.4,348.4,0.835,0.05
92,0.013021489,0.018595471,0.031639512,0.01866118,3.96E-05,14.433,11.051,7.821,423.4,212.4,0.615,0.02
93,0.008931647,0.003022821,0.013935845,0.011718232,0.0003868,9.683,1.931,11.735,693.4,11.6,0.151,0.56
94,0.016561865,0.014634172,0.028274288,0.006113462,0.0001244,8.315,4.021,6.871,193,15.6,0.201,0.02
95,0.010383551,0.004933237,0.017321731,0.029706282,0.0003148,17.093,13.787,1.285,164.2,339.6,0.089,0.75
96,0.006354802,0.005816354,0.003822569,0.00720763,0.0001452,11.887,12.495,4.705,542.2,394.8,0.559,0.49
97,0.013260659,0.012578463,0.003654639,0.008329358,0.0002244,7.403,2.501,9.227,405.4,370.8,0.047,0.24
98,0.011322641,0.008025141,0.012608154,0.00642446,6.84E-05,17.739,7.517,7.061,601,377.2,0.299,0.14
99,0.01103204,0.020942023,0.007759045,0.017508454,0.0001516,3.261,17.587,11.925,495.4,126.8,0.543,0.07
100,0.014735559,0.003560057,0.018211595,0.006658366,0.0002628,17.701,10.671,18.119,163,182.8,0.911,0.06
101,0.01260079,0.008319412,0.025018353,0.008045272,0.0002692,7.023,18.613,9.189,374.2,65.2,0.307,0.22
102,0.005760011,0.008221181,0.033381647,0.041773703,8.40E-06,9.341,19.791,10.671,677.8,210.8,0.325,0.03
103,0.011715114,0.016057344,0.00318042,0.023876486,0.0001364,1.095,7.251,18.271,657.4,33.2,0.021,0.08
104,0.025674133,0.01193868,0.004070973,0.005880573,4.40E-06,9.265,10.139,19.069,365.8,398,0.993,0.02
105,0.010161003,0.015399367,0.005979837,0.010327906,0.0001228,4.401,15.041,16.903,303.4,294.8,0.015,0.03
106,0.01920609,0.016764579,0.021262086,0.011055722,0.0001924,14.471,18.803,3.185,371.8,178,0.039,0.17
107,0.014912854,0.009551298,0.007319044,0.004946552,0.0003476,9.303,1.475,8.847,166.6,366.8,0.031,0.24
108,0.016179792,0.011178407,0.005783894,0.014400007,0.0003244,18.575,12.533,9.683,159.4,330,0.913,0.09
109,0.005672407,0.004595952,0.010373693,0.004671446,4.60E-05,3.033,10.481,12.343,614.2,83.6,0.223,0.11
110,0.011085111,0.009348162,0.001873329,0.002712041,1.32E-05,9.151,19.639,18.347,211,178.8,0.905,0.02
111,0.012391917,0.016582634,0.009931554,0.009074049,0.0001396,7.821,3.451,2.349,145,214.8,0.607,0.04
112,0.018748299,0.005918605,0.009327755,0.018186848,0.0001252,9.417,6.795,19.829,340.6,354.8,0.371,0.03
113,0.007142539,0.014984064,0.014794573,0.005220003,0.0002852,4.059,17.511,1.019,356.2,256.4,0.377,0.73
114,0.012313749,0.011215512,0.004275302,0.008411051,0.0001412,5.845,13.027,6.643,406.6,38,0.701,0.13
115,0.009403324,0.007666678,0.006019019,0.018342889,0.0001596,11.013,7.175,3.413,361,306,0.533,0.4
116,0.023975208,0.008188472,0.015647148,0.016726962,0.0001652,11.849,16.105,18.689,609.4,205.2,0.323,0.04
117,0.004398758,0.011860815,0.015275177,0.019324487,0.0001276,6.947,3.907,7.631,305.8,289.2,0.517,0.19
118,0.021307182,0.007796938,0.008614951,0.009843323,7.80E-05,13.407,7.479,2.577,290.2,36.4,0.781,0.02
119,0.00527445,0.026334871,0.002088123,0.007803877,0.0001764,13.635,4.629,15.459,200.2,118.8,0.049,0.03
120,0.010493434,0.008450652,0.050367317,0.009327477,0.000174,2.501,12.001,18.157,593.8,386.8,0.497,0.13
121,0.010978848,0.012660711,0.020398664,0.006191142,3.80E-05,4.097,18.119,17.245,626.2,333.2,0.167,0.02
122,0.00458714,0.004969931,0.013770127,0.010779367,0.00039,15.231,18.309,4.857,695.8,294,0.127,0.83
123,0.01715295,0.009824824,0.008326971,0.020395675,0.000226,16.485,2.159,19.715,309.4,230.8,0.219,0.06
124,0.01068381,0.005435533,0.013880395,0.006775608,0.0002132,14.889,18.423,19.905,368.2,258,0.389,0.13
125,0.009818833,0.009721871,0.011336768,0.007286604,0.0003236,12.875,13.749,16.675,239.8,324.4,0.173,0.15
126,0.009218456,0.00708008,0.013230852,0.016253774,0.0002588,1.513,7.973,15.535,147.4,341.2,0.609,0.13
127,0.011949463,0.008352192,0.0286637,0.00116369,0.0003908,19.905,10.367,2.311,573.4,160.4,0.359,0.73
128,0.010548065,0.013166104,0.023097897,0.008990188,0.0002148,6.605,4.819,17.321,547,292.4,0.271,0.15
129,0.01666928,0.008286651,0.010329038,0.012208211,0.0003332,9.379,8.885,13.559,525.4,268.4,0.539,0.22
130,0.02044412,0.014343392,0.01427311,0.01157406,5.80E-05,7.973,4.135,19.791,627.4,226.8,0.767,0.02
131,0.010328278,0.017076159,0.012406002,0.008698961,0.0002948,19.297,12.723,2.045,533.8,130,0.921,0.48
132,0.01515368,0.016642881,0.029277037,0.002526866,0.000342,7.669,8.999,11.697,691,137.2,0.447,0.24
133,0.011767236,0.013123168,0.004996674,0.010507176,0.000294,12.989,15.003,16.143,681.4,19.6,0.873,0.19
134,0.013911643,0.013921592,0.021064518,0.017582,0.000286,16.105,8.467,8.581,568.6,134.8,0.699,0.25
135,0.008126987,0.012952956,0.027360557,0.017218573,0.0001172,13.597,3.527,16.941,104.2,79.6,0.513,0.02
136,0.01001977,0.004202888,0.008367934,0.009369994,0.0002172,2.843,3.337,7.707,203.8,123.6,0.557,0.21
137,0.018797462,0.006020273,0.018288735,0.003828893,0.0003556,5.579,14.319,9.759,237.4,221.2,0.725,0.15
138,0.012889486,0.004557603,0.004517887,0.019670695,0.0002924,4.439,7.403,1.779,171.4,80.4,0.537,0.45
139,0.009760661,0.044407006,0.014159803,0.00800491,0.0003436,14.965,9.949,18.803,157,384.4,0.687,0.02
140,0.011923444,0.02026479,0.006568177,0.017655989,0.0003796,5.275,11.317,13.445,376.6,50.8,0.849,0.14
141,0.009731439,0.003605567,0.015153432,0.042590812,0.0002812,16.637,5.237,2.995,205,174,0.535,0.49
142,0.01207953,0.007699238,0.012557374,0.014929685,0.0001708,8.391,12.267,13.407,464.2,25.2,0.291,0.13
143,0.007287147,0.015559714,0.015032765,0.01586163,0.00019,13.179,1.627,4.743,597.4,302,0.405,0.42
144,0.007380171,0.009280799,0.00590147,0.013343598,0.000382,17.435,8.543,13.977,556.6,270.8,0.511,0.38
145,0.011610756,0.006850945,0.011102823,0.02905575,0.000186,1.703,11.925,9.721,457,266.8,0.163,0.25
146,0.016597508,0.003276334,0.01583709,0.008166683,0.0003292,13.483,15.763,16.257,242.2,102,0.649,0.1
147,0.020715966,0.012743504,0.006175768,0.002666216,0.000318,19.525,8.353,7.517,585.4,5.2,0.955,0.23
148,0.012679325,0.006981993,0.006686169,0.003705398,0.000326,6.263,4.591,4.173,424.6,371.6,0.313,0.58
149,0.013207318,0.018747955,0.003947252,0.020210118,0.0003932,3.603,12.989,14.889,344.2,298,0.625,0.13
150,0.018142487,0.006322274,0.034038103,0.004907367,0.0002324,14.357,16.067,6.719,185.8,380.4,0.179,0.12
151,0.027512076,0.005540413,0.001053427,0.000485694,0.0003852,18.081,15.459,5.883,484.6,120.4,0.999,0.29
152,0.00912421,0.012056313,0.028864089,0.00177087,0.0002956,13.711,9.759,8.011,537.4,302.8,0.129,0.41
153,0.009187182,0.017598446,0.008408955,0.007445005,0.0001996,9.873,18.005,10.063,387.4,257.2,0.709,0.12
154,0.022868005,0.020452412,0.013337154,0.016935296,0.0003812,15.877,7.099,9.379,422.2,226,0.227,0.15
155,0.032340772,0.013830038,0.023215926,0.021371599,0.0003348,6.491,12.609,13.863,219.4,104.4,0.495,0.02
156,0.006938822,0.012702039,0.015459875,0.009032081,0.000254,12.001,14.813,15.611,658.6,233.2,0.529,0.26
157,0.0104386,0.000529933,0.012058259,0.013723772,0.0001628,4.933,15.497,7.973,302.2,55.6,0.505,0.25
158,0.01105859,0.009859248,0.009242809,0.019583178,0.0001788,19.411,10.557,8.771,134.2,66,0.985,0.03
159,0.013233974,0.032444177,0.007080884,0.015171892,0.000246,6.111,17.207,5.199,581.8,184.4,0.503,0.22
160,0.033970747,0.017398958,0.009073828,0.015294655,0.0001404,18.119,7.669,6.415,536.2,272.4,0.011,0.03
161,0.008011657,0.011515649,0.003268226,0.023376438,0.0001068,16.865,12.305,9.303,605.8,78.8,0.617,0.15
162,0.006776348,0.016950234,0.024079765,0.036081156,0.0002124,2.159,1.817,14.965,139,146,0.695,0.03
163,0.021002943,0.013252448,0.03137668,0.006814737,0.0002508,11.469,10.519,4.401,395.8,50,0.367,0.2
164,0.010952205,0.018225912,0.010284483,0.007524447,4.12E-05,1.133,18.233,6.757,472.6,81.2,0.887,0.02
165,0.010602501,0.019902324,0.009115962,0.021473984,4.68E-05,12.229,17.625,12.495,425.8,93.2,0.501,0.02
166,0.015462659,0.014933339,0.00767868,0.004032635,0.0002212,5.655,8.239,5.541,199,103.6,0.469,0.07
167,0.024739007,0.005400383,0.001703937,0.016658275,0.0001844,10.291,9.569,3.451,353.8,379.6,0.073,0.29
168,0.020313308,0.012135306,0.034741739,0.004473564,0.0001372,5.123,9.493,11.013,287.8,157.2,0.665,0.02
169,0.01681484,0.001335657,0.005233811,0.004789591,0.0002252,9.987,8.961,5.275,616.6,356.4,0.773,0.44
170,0.015214737,0.017464953,0.003780776,0.044479553,0.0002828,10.747,2.121,5.123,367,166.8,0.569,0.25
171,0.01942166,0.00408023,0.004152969,0.016320307,2.68E-05,16.029,2.691,8.315,363.4,334.8,0.071,0.02
172,0.011401419,0.012294713,0.005509255,0.003069174,8.36E-05,3.299,9.835,4.135,551.8,185.2,0.387,0.17
173,0.017629826,0.011030856,0.017393501,0.00018599,0.0002796,1.855,18.043,5.389,651.4,291.6,0.939,0.34
174,0.014503171,0.003650628,0.012812939,0.004868146,2.80E-06,19.069,4.325,18.309,299.8,242,0.585,0.02
175,0.00902864,0.00887986,0.007518454,0.036519309,0.0001884,3.375,7.061,6.263,278.2,237.2,0.915,0.22
176,0.019819851,0.010347276,0.04202977,0.02805626,0.000122,6.529,2.235,1.665,268.6,151.6,0.855,0.06
177,0.010132897,0.002805289,0.007960751,0.03487498,9.32E-05,3.907,12.837,1.247,514.6,296.4,0.117,0.7
178,0.017269196,0.014439427,0.030389277,0.002036671,0.00021,1.741,13.977,8.087,483.4,42,0.135,0.15
179,0.016385988,0.009213601,0.007839588,0.007247098,0.000194,15.193,16.029,15.839,254.2,283.6,0.243,0.04
180,0.017838651,0.018520255,0.023577817,0.009498043,7.64E-05,8.505,4.705,8.467,334.6,142.8,0.733,0.02
181,0.008385361,0.024168547,0.006804336,0.008616375,0.0001564,12.647,16.333,5.503,235,167.6,0.391,0.04
182,0.011217313,0.00854931,0.003527267,0.012560409,7.24E-05,13.141,19.259,8.429,321.4,301.2,0.141,0.02
183,0.009583878,0.032998256,0.004112017,0.014114288,0.0003356,8.885,13.217,15.117,478.6,293.2,0.673,0.11
184,0.012105542,0.006883739,0.006058202,0.027500261,9.48E-05,11.203,18.499,16.751,160.6,44.4,0.499,0.02
185,0.015092972,0.027482783,0.029489952,0.02106991,0.00015,4.857,1.247,13.597,635.8,177.2,0.197,0.04
186,0.011453846,0.015722744,0.007558449,0.00772381,0.000302,18.613,11.013,4.515,562.6,285.2,0.023,0.51
187,0.013180691,0.013559807,0.023455854,0.023254943,0.0002004,8.961,18.993,3.983,633.4,334,0.217,0.42
188,0.006419412,0.003783303,0.069152574,0.004194008,6.20E-05,5.351,13.635,11.849,655,4.4,0.257,0.12
189,0.026117968,0.005223079,0.019945469,0.001601733,6.44E-05,17.397,19.145,8.277,442.6,210,0.199,0.02
190,0.01904952,0.003074999,0.006962208,0.013614129,0.0002708,2.463,5.883,2.007,646.6,323.6,0.727,0.64
191,0.011558508,0.024651287,0.009541503,0.005492371,8.12E-05,7.251,16.713,18.005,116.2,60.4,0.373,0.02
192,0.018508269,0.02535039,0.004396915,0.002892567,0.0002636,5.199,19.297,4.971,238.6,235.6,0.295,0.05
193,0.014560863,0.0143913,0.024606055,0.022440275,0.0001932,15.763,7.137,4.325,381.4,336.4,0.335,0.24
194,0.029740193,0.018298546,0.00295714,0.014457861,0.0002916,14.167,4.857,13.825,315.4,262,0.633,0.03
195,0.019761197,0.005884588,0.005075851,0.014574302,0.0001076,7.745,7.593,11.583,347.8,308.4,0.065,0.04
196,0.022162115,0.002444697,0.003738859,0.020679764,0.000282,10.215,15.117,1.893,621.4,96.4,0.563,0.63
197,0.016316687,0.006752422,0.009975338,0.007964601,8.28E-05,7.099,8.847,6.377,647.8,266,0.953,0.13
198,0.008699174,0.022142532,0.011814319,0.022666937,0.0003844,3.945,2.463,9.113,331,26.8,0.417,0.2
199,0.009494105,0.003373104,0.020034709,0.015233132,0.0002788,3.413,18.385,17.739,617.8,52.4,0.185,0.32
200,0.023704058,0.007992512,0.018842879,0.020776052,0.00017,5.465,14.775,10.519,307,9.2,0.567,0.02
201,0.017796365,0.011591638,0.002866128,0.046859861,0.0001196,17.321,9.987,11.317,461.8,318.8,0.287,0.06
202,0.009311466,0.015832981,0.002293001,0.01114881,0.000398,9.037,4.743,11.165,214.6,57.2,0.181,0.16
203,0.020578269,0.010848299,0.011242819,0.01645442,6.68E-05,1.171,16.219,18.461,130.6,250.8,0.705,0.02
204,0.013966971,0.005952556,0.001463361,0.017880674,5.72E-05,16.827,8.125,17.663,112.6,346.8,0.967,0.02
205,0.019588862,0.023290181,0.000504406,0.012158535,0.0003612,9.797,15.421,15.421,509.8,299.6,0.707,0.1
206,0.018947411,0.011067615,0.011196031,0.024135458,6.52E-05,12.799,16.485,14.357,335.8,206.8,0.851,0.02
207,0.008799923,0.028277389,0.027716436,0.008126157,0.0002084,8.923,17.245,16.181,227.8,359.6,0.527,0.02
208,0.024264511,0.013471148,0.026202643,0.002757577,3.56E-05,13.901,5.047,18.727,598.6,197.2,0.899,0.02
209,0.014303235,0.010206617,0.001817752,0.005414632,0.0002676,10.785,2.843,12.229,512.2,170.8,0.157,0.23
210,0.018699533,0.027237314,0.006293383,0.016522009,0.0003452,17.663,11.849,11.469,427,397.2,0.655,0.1
211,0.015749273,0.002311996,0.031909454,0.011863675,3.24E-05,12.571,7.935,14.433,243.4,362,0.121,0.02
212,0.010520775,0.007829514,0.019423813,0.006697423,0.0002196,14.281,17.473,1.475,428.2,329.2,0.449,0.66
213,0.021152754,0.010667717,0.018681945,0.013397304,0.0001204,19.867,7.289,17.359,653.8,71.6,0.419,0.03
214,0.018998245,0.011477801,0.035902831,0.010150307,0.0002756,1.475,1.855,3.793,592.6,128.4,0.475,0.43
215,0.012261671,0.005986445,0.011526196,0.009158212,0.000346,16.219,13.901,9.151,177.4,365.2,0.383,0.25
216,0.023574547,0.014536346,0.048603248,0.045592481,0.0002996,16.409,9.455,4.097,142.6,274.8,0.301,0.04
217,0.008164779,0.00103837,0.011717733,0.023749293,0.0003124,11.963,19.601,3.375,440.2,140.4,0.667,0.68
218,0.010656751,0.005747836,0.00503628,0.009116092,7.96E-05,14.319,17.169,5.959,680.2,48.4,0.735,0.21
219,0.012915843,0.008979612,0.01805876,0.005608895,0.0002716,4.287,3.641,7.669,225.4,112.4,0.457,0.17
220,0.006220169,0.006949262,0.016029799,0.003746676,0.000134,11.165,9.189,9.797,591.4,243.6,0.895,0.27
221,0.017967147,0.009180061,0.006332604,0.008781817,0.0003004,3.489,6.263,15.573,310.6,10.8,0.085,0.08
222,0.021077292,0.012456087,0.004877621,0.022328666,0.0002236,5.541,9.721,16.029,674.2,152.4,0.437,0.1
223,0.018187073,0.035883494,0.020870307,0.020027504,5.32E-05,7.365,18.841,3.033,559,244.4,0.273,0.02
224,0.015525614,0.006785288,0.014853736,0.012358183,0.000358,17.511,2.653,5.579,249.4,207.6,0.613,0.32
225,0.02588992,0.007894688,0.008082354,0.015543637,0.0002268,8.429,17.701,15.991,535,129.2,0.541,0.06
226,0.018414813,0.007112744,0.032186918,0.018742094,0.0002452,9.721,6.339,14.509,433,47.6,0.845,0.09
227,0.01645588,0.018445705,0.005273228,0.024811603,0.0001236,1.209,16.523,18.955,107.8,309.2,0.051,0.02
228,0.008833124,0.009997496,0.005312621,0.001483775,0.000114,16.257,14.243,13.179,622.6,222.8,0.601,0.14
229,0.014106154,0.033605218,0.004234608,0.006463397,0.0001428,5.731,11.583,18.575,308.2,113.2,0.627,0.02
230,0.00934221,0.001764077,0.0126591,0.014515959,0.0001524,15.383,11.659,11.773,476.2,340.4,0.863,0.27
231,0.008202263,0.022887608,0.015092965,0.01890559,1.40E-05,14.053,12.115,17.017,236.2,22.8,0.253,0.02
232,0.017754344,0.017012976,0.013552055,0.030164481,0.000218,2.805,19.107,3.109,452.2,215.6,0.683,0.26
233,0.007687762,0.001853472,0.007398698,0.028444395,0.0002444,17.055,12.647,3.071,589,366,0.785,0.69
234,0.004752334,0.025536524,0.022415021,0.009242685,2.28E-05,3.869,13.331,2.273,529,275.6,0.603,0.02
235,0.011243679,0.01225468,0.022865563,0.002138523,0.0002228,16.523,1.361,14.129,212.2,218,0.981,0.06
236,0.008732953,0.00924718,0.010689204,0.009886891,3.72E-05,10.595,8.771,2.805,404.2,290,0.353,0.06
237,0.019999669,0.005575192,0.005823091,0.004113486,9.08E-05,12.609,5.693,19.943,459.4,166,0.757,0.02
238,0.01223564,0.006388858,0.006764926,0.043486963,6.60E-05,2.197,13.103,8.809,111.4,43.6,0.803,0.02
239,0.003902525,0.003826748,0.020306602,0.003622481,5.24E-05,12.267,18.347,1.703,350.2,343.6,0.397,0.48
240,0.012705534,0.01972706,0.021667827,0.01898819,0.0003572,11.431,16.295,12.647,332.2,59.6,0.825,0.1
241,0.012183591,0.005644492,0.024879154,0.015050243,0.0001964,12.457,18.917,16.447,341.8,217.2,0.555,0.1
242,0.014972568,0.006455278,0.001761311,0.00997431,0.0003764,11.355,3.489,14.737,255.4,190.8,0.663,0.16
243,0.010300553,0.002096415,0.025159384,0.011009362,0.0002892,17.777,8.429,17.055,506.2,90.8,0.919,0.26
244,0.01278426,0.000836902,0.012506756,0.005919379,6.76E-05,9.949,9.873,7.935,226.6,10,0.629,0.04
245,0.012444071,0.007634121,0.008286065,0.007326146,0.0003756,9.759,8.391,7.213,574.6,158,0.269,0.5
246,0.011532365,0.003467609,0.036762317,0.012258044,0.0002724,10.709,4.059,5.921,223,378,0.385,0.4
247,0.006720059,0.004784975,0.004437307,0.017956497,0.0002036,15.953,2.539,16.599,435.4,107.6,0.399,0.25
248,0.010791625,0.007178031,0.026047173,0.020971109,0.0002052,12.913,13.597,14.623,602.2,214,0.769,0.2
249,0.016078552,0.009790454,0.001267861,0.001231271,0.0003172,2.083,11.545,12.039,106.6,248.4,0.433,0.05
250,0.016011712,0.009314459,0.02636044,0.01261138,9.88E-05,6.415,17.131,16.713,569.8,389.2,0.303,0.03
251,0.012470163,0.022261676,0.000194946,0.017362665,6.36E-05,12.077,4.895,10.139,692.2,132.4,0.959,0.02
252,0.007092855,0.020547921,0.006843768,0.002573643,3.08E-05,5.389,7.631,17.511,469,387.6,0.187,0.02
253,0.007515193,0.016522779,0.038215609,0.028248488,0.0003228,6.833,3.261,7.593,137.8,270,0.189,0.18
254,0.01624796,0.004859412,0.004193831,0.034147033,0.0001676,11.241,15.535,12.381,351.4,194.8,0.815,0.09
255,0.021715799,0.003325016,0.042848774,0.02116958,0.0003972,1.627,2.995,19.145,195.4,358,0.809,0.05
256,0.011871396,0.00532978,0.015773474,0.009540895,0.0001108,15.269,17.283,7.479,455.8,200.4,0.095,0.19
257,0.022978311,0.004243239,0.005351989,0.017005515,0.0001828,1.399,13.825,3.337,409,322,0.259,0.32
258,0.020510764,0.007145394,0.008573629,0.025094522,0.0003724,6.187,18.765,2.159,431.8,101.2,0.281,0.61
259,0.012522378,0.010417999,0.035113556,0.00776382,5.20E-06,14.661,6.377,6.225,247,54,0.409,0.05
260,0.007645358,0.006288916,0.009627575,0.01566991,0.0003788,16.295,11.165,17.777,608.2,17.2,0.587,0.34
261,0.019153432,0.02886447,0.003136212,0.003992078,0.00011,4.705,7.327,11.051,297.4,242.8,0.251,0.02
262,0.011427641,0.018903274,0.010508278,0.006385539,0.0003892,5.427,3.299,11.203,419.8,90,0.061,0.24
263,0.014246647,0.004709888,0.01276149,0.012109014,0.0003396,11.811,11.735,15.915,687.4,351.6,0.941,0.28
264,0.013074454,0.020742492,0.007001739,0.032836331,8.92E-05,12.837,14.433,3.945,604.6,188.4,0.743,0.08
265,0.010764732,0.025727723,0.027536972,0.004985704,0.0003076,5.997,3.413,9.949,458.2,325.2,0.209,0.21
266,0.0094337,0.010775836,0.002538252,0.001021323,0.0003628,8.619,14.205,13.065,391,116.4,0.689,0.24
267,0.011480034,0.034276662,0.008204419,0.00218864,4.36E-05,7.061,17.853,9.417,248.2,110.8,0.907,0.02
268,0.037359789,0.050570878,0.035500163,0.03224127,3.48E-05,8.771,6.947,12.571,429.4,2.8,0.279,0.02
269,0.015431332,0.009012931,0.002633572,0.011336501,0.000202,13.825,18.955,15.383,148.6,227.6,0.057,0.03
270,0.013421421,0.013784543,0.010734707,0.027867567,0.0001668,15.497,9.303,18.651,689.8,154.8,0.351,0.09
271,0.02383752,0.010631828,0.016830461,0.011961363,0.0001604,4.021,1.513,7.137,369.4,20.4,0.283,0.05
272,0.013100973,0.007014706,0.004356452,0.012920831,0.0003404,14.851,18.195,16.067,328.6,154,0.349,0.17
273,0.01565277,0.0200815,0.017684776,0.002981321,0.0001012,4.173,2.387,7.897,541,122,0.591,0.04
274,0.015276154,0.012995283,0.014444787,0.010963125,0.0001148,11.735,4.781,19.677,291.4,41.2,0.461,0.02
275,0.00719146,0.010957588,0.04474177,0.001879321,1.24E-05,7.479,6.149,4.211,343,82,0.843,0.02
276,0.013340896,0.004441361,0.022525956,0.026802646,9.00E-05,6.567,15.231,11.659,179.8,56.4,0.261,0.02
277,0.018368604,0.025924288,0.01286456,0.017805319,0.0002804,4.591,14.357,5.351,410.2,263.6,0.885,0.15
278,0.015494086,0.024325881,0.001399887,0.009713173,0.0003188,19.981,3.793,10.481,499,220.4,0.635,0.16
279,0.015337939,0.005115345,0.030627186,0.014691738,0.00023,7.289,9.683,14.851,110.2,211.6,0.079,0.03
280,0.006077288,0.003227027,0.010195672,0.004394019,0.000238,8.353,4.439,18.499,521.8,231.6,0.339,0.37
281,0.012758001,0.020358045,0.009713988,0.000782397,0.00033,4.895,12.153,16.219,117.4,168.4,0.113,0.02
282,0.015400104,0.002508361,0.026520638,0.007089432,0.0001572,15.801,8.315,15.269,286.6,139.6,0.657,0.06
283,0.008088876,0.003739479,0.02230518,0.019239509,0.000206,17.245,16.637,7.099,304.6,114.8,0.407,0.33
284,0.007812268,0.010921078,0.019769002,0.026470658,0.0001436,13.027,3.147,14.243,667,198,0.183,0.19
285,0.014794358,0.015086283,0.00455808,0.012765319,4.00E-07,8.581,4.477,10.899,411.4,246.8,0.909,0.02
286,0.015184164,0.008384991,0.002820216,0.039680162,0.0001132,1.285,15.991,11.241,169,108.4,0.729,0.02
287,0.013719432,0.007601565,0.013072791,0.018109577,0.0002468,9.911,5.769,4.591,115,174.8,0.531,0.13
288,0.01286315,0.009653493,0.005391335,0.004631972,0.0003388,19.563,9.075,6.339,184.6,138.8,0.897,0.18
289,0.011636862,0.01128999,0.011765957,0.017435345,2.20E-05,19.259,10.215,19.297,103,163.6,0.623,0.02
290,0.019879137,0.010703681,0.018762143,0.007564231,0.000334,6.073,11.279,10.823,320.2,66.8,0.611,0.11
291,0.01089882,0.014200949,0.019856903,0.030401654,0.0002476,15.307,6.719,14.053,643,222,0.075,0.22
292,0.020122937,0.013209197,0.015214168,0.018500978,0.0002012,14.623,15.269,4.287,213.4,278,0.241,0.06
293,0.014823868,0.008057781,0.009887861,0.001659065,0.0003916,3.451,8.011,4.819,451,253.2,0.619,0.48
294,0.012968621,0.017268429,0.006097387,0.008740354,0.0001028,2.919,5.921,5.731,467.8,1.2,0.929,0.06
295,0.022451596,0.010066963,0.00119887,0.033802517,0.00029,5.769,16.903,17.169,607,367.6,0.589,0.11
296,0.007852921,0.027000356,0.018523128,0.013945607,8.44E-05,17.549,2.273,3.755,122.2,99.6,0.573,0.03
297,0.022552224,0.010101786,0.016357413,0.05957954,0.0003684,7.327,19.449,8.923,245.8,106,0.025,0.11
298,0.007559093,0.001457122,0.05548236,0.012458967,0.0002284,19.335,8.923,18.841,669.4,316.4,0.289,0.39
299,0.01004816,0.016463311,0.012256053,0.038505602,0.0002524,19.639,5.503,19.639,662.2,338,0.977,0.14
300,0.017308366,0.004480314,0.034383588,0.007604059,0.000274,18.195,13.939,19.031,571,143.6,0.965,0.13
301,0.016778192,0.016703527,0.01450248,0.00459245,0.0003988,18.043,3.033,13.141,143.8,62.8,0.493,0.03
302,0.015062747,0.005782131,0.019681752,0.011102204,9.24E-05,1.817,13.179,13.217,445,194,0.083,0.04
303,0.006831531,0.011402395,0.059870594,0.006152298,6.28E-05,6.149,17.017,18.879,496.6,169.2,0.067,0.02
304,0.015002546,0.006188562,0.011911465,0.01181505,0.000142,17.625,16.827,19.259,352.6,328.4,0.297,0.05
305,0.003528372,0.005679019,0.017179409,0.012973026,9.20E-06,12.039,10.747,16.105,339.4,155.6,0.375,0.07
306,0.014388555,0.015137786,0.01615986,0.008451989,0.0001348,18.005,14.053,14.091,301,198.8,0.249,0.02
307,0.012209614,0.015346495,0.007718841,0.021786867,2.04E-05,1.323,3.679,16.637,209.8,180.4,0.565,0.02
308,0.010189042,0.008582243,0.004758177,0.016589959,0.0003876,12.723,11.887,5.845,175,16.4,0.379,0.25
309,0.02265509,0.018082473,0.003988594,0.020302522,0.0003052,5.237,7.745,9.455,575.8,353.2,0.621,0.18
310,0.011296342,0.036875652,0.021981984,0.020584281,0.0003212,18.157,10.785,9.531,277,398.8,0.847,0.05
311,0.014331615,0.011104459,0.013660686,0.005570064,9.72E-05,16.181,17.055,13.483,188.2,127.6,0.759,0.02
312,0.019476847,0.023153533,0.022196408,0.003455077,0.0001556,17.131,1.893,19.981,511,14,0.145,0.02
313,0.012053518,0.024014573,0.019254923,0.001093828,0.000306,8.049,10.633,18.917,515.8,394,0.933,0.09
314,0.019312864,0.002242581,0.011960252,0.068847315,2.92E-05,14.395,7.859,12.761,668.2,378.8,0.813,0.02
315,0.014050329,0.007308466,0.020774421,0.010238902,0.0003028,18.765,9.037,13.787,460.6,282,0.721,0.21
316,0.007333977,0.024819719,0.001525374,0.002479742,0.0002412,4.135,13.483,9.341,513.4,261.2,0.749,0.19
317,0.01377413,0.019061552,0.00853237,0.010062112,0.0001548,10.101,18.575,7.023,503.8,6,0.523,0.11
318,0.008631003,0.017734006,0.011010096,0.013559619,0.000394,8.543,5.275,8.543,628.6,393.2,0.917,0.38
319,0.02786353,0.010596011,0.031120576,0.001932434,0.0003532,7.593,12.761,10.253,338.2,282.8,0.109,0.09
320,0.017387359,0.004323189,0.014560411,0.015606622,0.0002556,9.493,10.861,13.027,317.8,62,0.099,0.12
321,0.014022493,0.019640835,0.017907804,0.007924344,0.00037,5.085,14.965,19.107,224.2,145.2,0.737,0.03
322,0.00946396,0.014013915,0.004029833,0.010372564,0.0002868,18.727,16.181,6.529,388.6,35.6,0.799,0.26
323,0.013367705,0.007243269,0.002242586,0.000945708,0.0001948,10.139,13.293,13.901,644.2,161.2,0.763,0.19
324,0.013448329,0.021464526,0.013444216,0.014989829,0.0003732,7.859,8.809,1.741,518.2,322.8,0.233,0.68
325,0.012339798,0.011364834,0.003002261,0.029267985,7.16E-05,18.841,6.491,15.877,323.8,181.2,0.063,0.02
326,0.024416845,0.015505972,0.007120499,0.006893076,0.0001268,18.271,12.419,13.521,233.8,271.6,0.165,0.02
327,0.014078216,0.006422088,0.007160144,0.025238857,6.04E-05,10.937,11.355,17.891,520.6,326,0.211,0.03
328,0.028683667,0.017665963,0.011289731,0.010194554,5.40E-05,1.969,8.695,9.265,375.4,390,0.439,0.02
329,0.017038531,0.004121393,0.00097611,0.004354154,0.0002292,15.345,13.141,1.589,218.2,67.6,0.793,0.33
330,0.012548503,0.00992826,0.008989777,0.025533566,0.000366,6.985,18.271,10.975,524.2,249.2,0.275,0.33
331,0.017548058,0.005258757,0.013125295,0.011383746,0.0003596,11.925,1.285,1.931,251.8,3.6,0.931,0.4
332,0.018461366,0.029508199,0.030870853,0.018580811,1.64E-05,11.051,2.957,8.695,397,288.4,0.685,0.02
333,0.024117426,0.007764366,0.004718266,0.007050099,0.0001588,15.649,7.707,18.993,670.6,106.8,0.009,0.06
334,0.022256637,0.001198703,0.004917346,0.014869806,0.0003204,7.935,9.265,16.485,619,290.8,0.661,0.19
335,0.016705415,0.019387528,0.008245215,0.007128797,0.0001484,8.809,17.435,17.131,399.4,73.2,0.837,0.02
336,0.016351264,0.012415554,0.01096391,0.012816979,8.60E-05,19.943,16.865,6.947,271,0.4,0.561,0.02
337,0.011584638,0.011629783,0.015522009,0.022000429,0.0003804,1.057,10.937,4.477,671.8,158.8,0.355,0.6
338,0.01116451,0.003126397,0.007199821,0.004710872,0.0001332,2.387,5.807,12.837,543.4,267.6,0.637,0.21
339,0.013829,0.013967656,0.02808497,0.017076131,0.000182,11.089,9.151,8.049,333.4,195.6,0.867,0.08
340,0.009847787,0.017941394,0.004315915,0.005764158,3.16E-05,16.979,15.345,18.613,488.2,381.2,0.381,0.02
341,0.014706269,0.015189554,0.008491172,0.012713834,0.000222,2.121,12.077,14.281,346.6,34,0.455,0.06
342,0.015557245,0.002915932,0.019171369,0.009799848,0.0002092,10.899,2.577,5.769,326.2,38.8,0.147,0.27
343,0.008492052,0.012826855,0.01091784,0.005142009,0.0002188,19.107,7.821,2.919,448.6,219.6,0.221,0.52
344,0.011111605,0.019141842,0.029929641,0.016187584,0.000298,4.325,1.095,11.963,583,373.2,0.833,0.22
345,0.006002283,0.006222062,0.022638007,0.032534309,0.000338,6.453,16.751,2.235,149.8,133.2,0.431,0.56
346,0.021466569,0.026126551,0.010826047,0.013290088,0.0001812,13.749,1.551,12.533,491.8,186.8,0.463,0.03
347,0.01168904,0.004896399,0.009031766,0.023134786,0.0003924,13.369,5.427,12.989,661,346,0.525,0.43
348,0.013047959,0.021146806,0.032472353,0.014750836,3.60E-06,4.781,11.393,6.985,285.4,26,0.679,0.02
349,0.014445738,0.007503895,0.002490036,0.01907137,0.000126,8.277,8.163,6.035,401.8,224.4,0.159,0.18
350,0.009876654,0.018153892,0.001928102,0.011912446,0.0001004,15.725,7.783,18.043,151,332.4,0.631,0.02
351,0.02064666,0.004402194,0.013177982,0.003025355,0.0002772,10.557,11.431,15.763,640.6,254,0.807,0.17
352,0.004900348,0.038059481,0.005862282,0.005531223,7.08E-05,2.881,7.213,18.081,370.6,86,0.245,0.02
353,0.011375178,0.004672089,0.043746965,0.017730427,0.0003836,10.177,4.667,19.525,497.8,49.2,0.989,0.21
354,0.014677049,0.007569009,0.00660749,0.001422935,0.0003508,2.539,5.009,19.373,155.8,255.6,0.641,0.08
355,0.012810538,0.007862098,0.020124637,0.031410901,0.0001644,6.225,11.811,18.233,526.6,119.6,0.761,0.09
356,0.016633312,0.01073972,0.01360627,0.012408494,0.000374,14.547,17.663,7.251,471.4,344.4,0.675,0.31
357,0.013994708,0.005042902,0.004837853,0.009626858,8.20E-05,15.991,15.839,2.387,173.8,238,0.711,0.02
358,0.023091373,0.022758145,0.037222672,0.008288602,0.0003492,6.757,18.081,11.393,688.6,278.8,0.777,0.13
359,0.008527131,0.012496748,0.020215264,0.022108767,0.0002884,6.035,8.657,19.753,379,27.6,0.575,0.12
360,0.010818479,0.013694108,0.025447158,0.005181018,9.40E-05,16.751,9.227,17.397,313,13.2,0.579,0.02
361,0.024909861,0.025169044,0.017538288,0.00529791,0.00035,11.317,2.007,2.881,389.8,170,0.991,0.24
362,0.008456735,0.004038776,0.005154892,0.003112785,0.0001772,17.359,4.097,18.423,482.2,88.4,0.097,0.21
363,0.015978483,0.015944501,0.002441424,0.006307741,0.0001188,8.163,8.619,2.729,443.8,392.4,0.811,0.18
364,0.023448738,0.004822272,0.011478645,0.000357622,4.44E-05,16.447,10.025,19.487,481,287.6,0.795,0.02
365,0.025469277,0.021251264,0.011149366,0.024672912,0.0001476,15.117,19.753,12.115,659.8,51.6,0.547,0.03
366,0.022069448,0.002631065,0.005744691,0.00764393,3.32E-05,15.155,16.409,14.471,265,369.2,0.363,0.02
367,0.018231973,0.011744827,0.012009183,0.009200409,0.0002876,2.045,3.223,6.073,385,203.6,0.903,0.24
368,0.008766534,0.005294323,0.025742924,0.004234152,0.0002596,11.127,5.541,7.175,479.8,98.8,0.125,0.48
369,0.02154824,0.014295699,0.012916353,0.002287405,0.0001324,13.255,19.487,19.335,197.8,352.4,0.105,0.02
370,0.007602475,0.009415695,0.008864229,0.009583833,7.40E-05,8.087,11.621,3.527,538.6,172.4,0.235,0.26
371,0.020786216,0.015452525,0.014330104,0.025385185,0.0003956,3.071,19.221,18.195,579.4,216.4,0.745,0.1
372,0.009643201,0.041481603,0.00356987,0.027321401,0.0001508,19.373,9.113,15.079,665.8,95.6,0.571,0.04
373,0.022760309,0.01114139,0.007598485,0.011289386,0.0001748,19.221,10.253,2.121,392.2,258.8,0.839,0.22
374,0.020185644,0.010136668,0.016094668,0.016387188,0.0003484,12.343,5.845,8.733,260.2,280.4,0.029,0.18
375,0.026893382,0.008123098,0.008041769,0.006619331,4.92E-05,10.443,19.905,11.089,253,361.2,0.017,0.02
376,0.013394546,0.019304812,0.003398516,0.003327989,1.16E-05,3.147,10.291,11.127,531.4,29.2,0.995,0.02
377,0.013884049,0.00996285,0.012305881,0.00386984,0.0002332,14.585,1.703,2.653,118.6,14.8,0.091,0.06
378,0.009789792,0.015777704,0.012156856,0.009412593,0.0003364,11.507,6.757,12.153,161.8,246,0.739,0.1
379,0.007239651,0.015241593,0.01064381,0.002087877,0.0003884,12.951,4.971,14.547,465.4,382,0.413,0.31
380,0.018897009,0.023019373,0.017465685,0.011478635,0.0003092,7.517,17.929,10.291,281.8,319.6,0.485,0.05
381,0.026359869,0.01303776,0.019339068,0.00378784,7.60E-06,19.031,7.365,1.095,613,358.8,0.997,0.04
382,0.010710825,0.014732929,0.009584497,0.025836736,0.0001636,11.545,4.173,11.279,530.2,345.2,0.937,0.14
383,0.0223531,0.009146561,0.006922703,0.037968837,0.0002388,17.853,6.643,17.625,250.6,118,0.871,0.03
384,0.014474423,0.012375148,0.015398028,0.008575182,8.04E-05,3.337,4.211,7.783,124.6,202,0.207,0.02
385,0.010466043,0.015668095,0.041276869,0.014001611,0.000354,8.847,9.417,12.267,136.6,370,0.169,0.09
386,0.011662956,0.007438772,0.025594012,0.002238259,0.0003644,8.011,2.197,8.125,623.8,355.6,0.805,0.45
387,0.012131557,0.014832643,0.008697783,0.026148904,0.0001756,17.891,12.685,12.305,664.6,100.4,0.751,0.14
388,0.010411103,0.007406204,0.007041297,0.013668846,8.84E-05,4.667,1.057,17.435,632.2,304.4,0.013,0.1
389,0.014618819,0.007373631,0.018924161,0.003539053,0.0003308,8.695,18.727,7.403,135.4,110,0.599,0.1
390,0.009613591,0.007927287,0.014216344,0.021893137,0.0001468,3.793,12.457,12.191,620.2,147.6,0.901,0.18
391,0.016420859,0.014882867,0.033069152,0.008864951,0.00025,16.371,18.879,2.767,500.2,30.8,0.337,0.39
392,0.016213807,0.016114274,0.047127204,0.055198848,5.64E-05,17.283,16.561,4.895,119.8,349.2,0.969,0.05
393,0.014274912,0.005609884,0.016423938,0.012662522,0.0001052,16.903,19.373,2.615,699.4,223.6,0.343,0.43
394,0.011845365,0.013080387,0.000808943,0.006736503,0.0002068,18.955,17.777,15.649,190.6,54.8,0.715,0.02
395,0.011975479,0.029178548,0.004678303,0.018823561,0.0003524,9.645,2.045,3.717,322.6,91.6,0.403,0.27
396,0.015912396,0.002969816,0.007239529,0.018032796,0.0003828,5.807,17.967,5.997,449.8,46.8,0.357,0.47
397,0.015716994,0.002861111,0.014735661,0.008085687,1.08E-05,12.761,10.063,10.025,349,179.6,0.951,0.02
398,0.015879535,0.006587667,0.015336463,0.016865467,0.000138,10.063,1.969,10.937,201.4,396.4,0.131,0.07
399,0.005035058,0.023571361,0.014047387,0.006541325,4.76E-05,13.977,5.997,2.083,634.6,310,0.429,0.09
400,0.015684827,0.011668028,0.006371835,0.010018163,0.0001892,12.419,15.307,15.003,625,46,0.393,0.12
401,0.01331412,0.027737434,0.012355863,0.006502352,0.000146,7.631,19.411,9.835,447.4,82.8,0.713,0.03
402,0.011270021,0.015613753,0.008656335,0.004513248,7.00E-05,15.839,2.919,6.681,275.8,156.4,0.821,0.02
403,0.016526381,0.01144005,0.011431224,0.005063913,0.0001316,17.967,19.335,8.163,129.4,125.2,0.583,0.02
404,0.016045068,0.002019027,0.039324183,0.021681598,1.56E-05,5.047,3.109,6.187,603.4,382.8,0.983,0.02
405,0.00993414,0.010241686,0.022751201,0.010688186,0.0002836,9.075,15.649,2.691,563.8,34.8,0.963,0.5
406,0.017507535,0.008846674,0.011383932,0.004314222,0.0003948,1.019,14.737,5.465,697,315.6,0.693,0.48
407,0.015846794,0.018371806,0.013020467,0.019496311,0.000278,18.651,3.869,15.725,553,98,0.549,0.11
408,0.013127519,0.00399702,0.002774018,0.019410084,0.0003116,8.239,12.229,2.425,296.2,363.6,0.119,0.68
409,0.009702122,0.009079673,0.009757324,0.018264616,0.0003772,2.425,14.129,4.553,295,391.6,0.489,0.5
410,0.014764922,0.006653659,0.007358853,0.029932776,5.00E-05,3.831,16.675,15.155,362.2,148.4,0.205,0.02
411,0.013637696,0.021357156,0.008163678,0.027145582,0.0001804,6.301,11.963,14.395,501.4,254.8,0.137,0.07
412,0.029173757,0.006916511,0.00915817,0.003910684,5.88E-05,7.783,4.249,10.785,121,102.8,0.003,0.02
413,0.014853454,0.008813519,0.009670739,0.003951428,2.52E-05,18.423,3.831,18.385,490.6,78,0.593,0.02
414,0.014942672,0.014153886,0.019005998,0.002336105,0.0002276,5.959,6.453,19.867,412.6,76.4,0.285,0.05
415,0.013287374,0.005470586,0.019088397,0.009756465,0.0002028,10.671,7.023,17.967,283,388.4,0.551,0.1
416,0.012001493,0.012334868,0.008450033,0.022782042,0.0003748,6.909,17.359,15.801,587.8,115.6,0.203,0.25
417,0.007893173,0.031934268,0.006725537,0.0112424,8.76E-05,15.915,6.035,1.171,436.6,234,0.441,0.06
418,0.009554062,0.003912559,0.002586092,0.00849299,0.0003604,8.201,3.185,13.711,196.6,135.6,0.577,0.23
419,0.012287707,0.019991411,0.013283909,0.010733719,0.0003468,5.161,10.975,10.215,694.6,30,0.411,0.29
420,0.005843946,0.003695259,0.005587783,0.030644572,6.80E-06,7.175,10.443,1.513,289,165.2,0.037,0.07
421,0.017427189,0.014782665,0.009285243,0.008207265,0.000322,7.897,19.715,11.507,261.4,77.2,0.817,0.07
422,0.010076477,0.009893726,0.013390589,0.015480951,0.000386,5.693,15.801,16.295,284.2,164.4,0.195,0.18
423,0.00906065,0.003514078,0.006489599,0.026972697,0.0002748,13.445,16.979,15.307,508.6,126,0.755,0.29
424,0.013801543,0.0077318,0.008947858,0.002802836,0.0003708,14.015,8.505,5.237,206.2,383.6,0.473,0.37
425,0.01257464,0.010812028,0.002911765,0.013183646,5.48E-05,2.615,2.729,7.441,656.2,238.8,0.719,0.07
426,0.018054226,0.008155777,0.013825156,0.002620088,2.00E-06,5.313,6.415,1.437,256.6,342.8,0.859,0.02
427,0.007771201,0.01617155,0.001586064,0.014632895,0.000198,14.813,17.815,1.209,101.8,250,0.775,0.02
428,0.009092505,0.030609187,0.010463313,0.006229997,0.0001716,5.009,14.851,17.473,244.6,136.4,0.143,0.02
429,0.020060952,0.014060372,0.032766252,0.010283353,0.0001444,4.477,14.623,4.629,548.2,374,0.669,0.15
430,0.018651155,0.018671366,0.011669646,0.040327365,7.72E-05,2.995,7.897,12.609,394.6,281.2,0.153,0.02
431,0.006603888,0.016887925,0.012206379,0.015418561,0.0002156,3.755,17.739,14.927,416.2,395.6,0.305,0.15
432,0.002863594,0.013649163,0.009413013,0.000692559,0.0001164,11.621,3.945,14.661,453.4,141.2,0.865,0.12
433,0.017114611,0.014107028,0.002035453,0.008823349,0.0001092,1.665,5.389,16.789,550.6,202.8,0.479,0.03
434,0.015123283,0.01387572,0.007920316,0.007884138,1.00E-05,7.137,6.909,8.239,358.6,276.4,0.659,0.02
435,0.007042368,0.01947109,0.016693518,0.009669971,1.72E-05,18.309,11.773,12.685,505,364.4,0.005,0.02
436,0.017467246,0.004162276,0.002392396,0.01915514,0.000106,3.185,12.951,7.327,629.8,70,0.853,0.15
437,0.010737799,0.008714234,0.015710161,0.010417328,0.000162,4.629,1.399,10.747,241,187.6,0.765,0.09
438,0.004177048,0.004362806,0.013498037,0.001360683,0.0003156,18.499,15.193,13.331,316.6,350,0.717,0.41
439,0.013529264,0.012016989,0.02447206,0.020873162,0.0001492,4.743,17.891,5.313,373,313.2,0.973,0.13
440,0.008898981,0.013739234,0.016761806,0.015926168,0.0001972,14.737,6.187,3.489,293.8,45.2,0.019,0.28
441,0.019101245,0.02386381,0.021876288,0.006853893,0.0002652,12.191,19.563,8.505,165.4,2,0.333,0.02
442,0.008561978,0.008780395,0.006214966,0.012509605,0.0002564,2.007,12.039,6.111,487,228.4,0.445,0.45
443,0.006482391,0.014487774,0.007799294,0.007405346,2.76E-05,3.641,9.341,11.355,105.4,251.6,0.747,0.02
444,0.015032605,0.010032201,0.001127518,0.034504187,0.0002668,2.577,11.203,13.749,578.2,162,0.155,0.21
445,0.015368974,0.007536453,0.028467151,0.012059646,0.0002436,4.819,17.397,19.183,109,31.6,0.465,0.02
446,0.006149847,0.005151376,0.00664682,0.02884786,2.60E-05,5.503,7.555,9.607,189.4,8.4,0.869,0.03
447,0.005382464,0.013339433,0.008822518,0.007843983,9.16E-05,11.583,2.767,2.501,557.8,335.6,0.069,0.46
448,0.009155768,0.019814215,0.027016449,0.01511093,0.0002612,18.385,4.515,4.439,178.6,68.4,0.059,0.1
449,0.014531984,0.030221332,0.003612326,0.033469749,0.0001356,18.803,1.209,19.221,615.4,105.2,0.263,0.02
450,0.019645717,0.013515391,0.014913154,0.005336834,0.0001044,14.243,10.177,6.567,519.4,286.8,0.007,0.06
451,0.01925923,0.00961938,0.002140179,0.011431124,0.0001116,13.673,9.531,17.207,645.4,97.2,0.891,0.04
452,0.008996472,0.01253754,0.023701154,0.041022574,0.0001284,16.067,17.093,12.723,485.8,134,0.467,0.08
453,0.017881207,0.006255513,0.017611316,0.004153787,1.20E-06,8.999,18.537,6.301,266.2,312.4,0.341,0.02
454,0.007933038,0.009046284,0.010107252,0.022218171,0.0003588,19.601,19.981,10.367,292.6,338.8,0.783,0.28
455,0.030412998,0.039530565,0.009498591,0.024952122,0.0003316,10.861,15.079,2.539,473.8,239.6,0.651,0.17
456,0.01350225,0.006488429,0.007638562,0.01201043,0.0001852,8.467,16.599,12.457,386.2,229.2,0.829,0.13
457,0.009991304,0.005713466,0.005548526,0.023015938,0.0003196,13.103,12.381,14.585,675.4,12.4,0.087,0.39
458,0.013856502,0.008913078,0.037706253,0.013236771,0.0001292,18.917,18.651,9.987,217,18.8,0.681,0.02
459,0.005580674,0.015888578,0.015584432,0.023499306,0.0003044,2.235,13.369,3.831,221.8,39.6,0.789,0.27
460,0.014134145,0.003869829,0.004798039,0.011670035,0.0002316,13.293,16.143,15.231,131.8,175.6,0.317,0.05
461,0.02457485,0.012214769,0.023952092,0.006268863,0.000242,17.473,15.877,10.329,638.2,53.2,0.045,0.14
462,0.016741718,0.00269035,0.003311838,0.005841769,0.0002988,11.279,3.071,10.861,555.4,142,0.823,0.29
463,0.010845296,0.018825252,0.00037248,0.02048959,0.0003284,15.611,8.201,6.795,146.2,190,0.231,0.11
464,0.013154091,0.008253907,0.010780321,0.021270137,0.0002428,9.189,7.441,9.493,610.6,218.8,0.161,0.33
465,0.015620822,0.016229177,0.014387329,0.005102974,4.20E-05,4.249,13.445,6.491,314.2,327.6,0.453,0.02
466,0.015781665,0.001567399,0.045857126,0.029484759,6.12E-05,13.521,3.983,6.605,683.8,171.6,0.491,0.12
467,0.012995043,0.021043739,0.017038675,0.01579741,4.28E-05,18.461,16.257,15.953,641.8,84.4,0.401,0.02
468,0.017191491,0.013427076,0.020585014,0.004433822,0.0002116,10.975,19.867,17.283,383.8,286,0.827,0.04
469,0.015588981,0.004283336,0.021463142,0.004073104,0.0002964,5.617,13.521,15.687,257.8,114,0.213,0.1
470,0.016145912,0.019555519,0.021565022,0.009930553,4.52E-05,16.789,13.863,11.431,470.2,314.8,0.945,0.02
471,0.021889364,0.006554622,0.003696816,0.004274223,3.88E-05,1.247,5.123,12.951,489.4,274,0.171,0.02
472,0.021386233,0.022382739,0.014972829,0.00238438,8.68E-05,19.715,6.073,16.827,181,230,0.893,0.02
473,0.015814171,0.012095751,0.007879929,0.01082513,2.84E-05,14.699,10.405,4.249,125.8,61.2,0.133,0.03
474,0.007470755,0.010312014,0.009844259,0.02157731,0.0001388,3.527,1.133,12.419,493,86.8,0.581,0.15
475,0.008964142,0.022025241,0.03370439,0.016121732,4.04E-05,11.697,2.349,18.765,357.4,362.8,0.321,0.02
476,0.014190286,0.029855127,0.011621695,0.027682277,0.0002684,18.537,4.287,1.855,544.6,232.4,0.193,0.49
477,0.012653132,0.012785109,0.029068477,0.003412869,0.0002396,11.393,5.199,5.655,565,236.4,0.691,0.33
478,0.009672711,0.010382604,0.021771576,0.003664001,0.000262,2.653,6.833,5.807,380.2,40.4,0.177,0.36
479,0.008050436,0.026771313,0.026683316,0.00894837,0.0001684,18.233,15.953,5.693,698.2,18,0.265,0.22
480,0.013664901,0.015035044,0.009200452,0.010552262,9.56E-05,6.339,8.049,10.443,262.6,347.6,0.293,0.02
481,0.01361053,0.028564505,0.010063186,0.003285305,0.0002404,13.559,19.031,1.969,167.8,331.6,0.035,0.03
482,0.021978556,0.006719529,0.000894917,0.013025403,0.0003084,16.143,2.083,16.979,364.6,330.8,0.123,0.13
483,0.009372828,0.011553594,0.011573879,0.00572535,0.0002492,11.659,6.225,15.345,345.4,260.4,0.001,0.05
484,0.010244924,0.019222923,0.010240028,0.039074626,0.0002908,19.753,1.019,6.453,267.4,138,0.435,0.18
485,0.023326406,0.014585144,0.000616579,0.002432252,0.000258,7.441,10.823,3.223,437.8,32.4,0.507,0.28
486,0.01993907,0.001938226,0.018134939,0.005024824,0.0003036,12.305,3.755,4.021,673,75.6,0.139,0.61
487,0.008665193,0.023429421,0.022088683,0.010917008,0.0003068,4.515,18.689,17.093,154.6,121.2,0.361,0.02
488,0.010272769,0.011822046,0.014103485,0.003199415,1.80E-05,16.675,3.603,1.323,682.6,149.2,0.081,0.03
489,0.00688567,0.02800202,0.012456299,0.003242449,0.0002164,10.633,5.655,8.391,191.8,310.8,0.971,0.06
490,0.010104723,0.001669132,0.025893956,0.016056215,0.0002076,18.993,2.425,3.907,685,193.2,0.771,0.59
491,0.01241799,0.020644604,0.01798305,0.013889824,0.0003516,16.713,12.191,18.537,311.8,37.2,0.443,0.06
492,0.013583404,0.01261952,0.011862821,0.010597459,0.000154,13.787,14.281,5.161,580.6,298.8,0.595,0.25
493,0.007972528,0.016404222,0.025302301,0.001543335,0.000362,12.115,16.941,8.201,554.2,320.4,0.471,0.38
494,0.012157573,0.004634112,0.003047141,0.031956676,0.0002532,17.815,12.571,16.409,194.2,241.2,0.653,0.11
495,0.016282253,0.011252706,0.027187083,0.01176657,0.0003676,16.561,1.589,4.059,172.6,173.2,0.723,0.23
496,0.00834929,0.011327366,0.010418451,0.050093393,0.0002972,9.227,12.799,15.041,398.2,252.4,0.077,0.23
497,0.016851664,0.005079188,0.013715304,0.000866355,3.00E-05,16.599,2.311,10.101,463,131.6,0.107,0.02
498,0.010629649,0.009381906,0.014618584,0.026308544,0.000214,18.347,19.677,1.057,170.2,350.8,0.883,0.37
499,0.008866142,0.016287161,0.00543066,0.01152628,0.0001084,10.253,15.573,14.167,319,385.2,0.331,0.04
500,0.02719031,0.00317706,0.001982127,0.014057837,0.0002204,9.569,1.779,17.853,393.4,259.6,0.237,0.06
